{
  "threshold_m_per_s": 10.0,
  "tn": 21035,
  "fp": 1437,
  "fn": 1929,
  "tp": 22099,
  "accuracy": 0.9276129032258065,
  "precision": 0.9389445955132563,
  "recall": 0.9197186615615116,
  "specificity": 0.9360537557849768,
  "f1": 0.9292321924144311,
  "positive_rate": 0.516731182795699
}