{
  "artifact_dir": "/mnt/c/Users/yarde/Documents/impact-point-project/services/ML_service/artifacts/multi_head_mlp_weather_real_20260508_022527",
  "data_root": "/mnt/c/Users/yarde/Documents/impact-point-project/data/era5",
  "output_dir": "/mnt/c/Users/yarde/Documents/impact-point-project/services/ML_service/artifacts/multi_head_mlp_weather_real_20260508_022527/model_analysis",
  "year": 2025,
  "months": [
    5
  ],
  "samples_per_file": 30000,
  "train_ratio": 0.85,
  "val_ratio": 0.1,
  "training_summary": {
    "epochs_recorded": 300,
    "best_validation_epoch": 292,
    "best_validation_loss": 0.07775360345840454,
    "final_train_loss": 0.043233197182416916,
    "final_validation_loss": 0.0777808427810669,
    "possible_overfit_start_epoch": 29,
    "comment": "A possible overfitting region was detected by trend heuristic."
  },
  "test_metrics": {
    "temperature_k": {
      "mae": 1.123266120172316,
      "rmse": 1.5091544303042341,
      "median_abs_error": 0.861846923828125,
      "p90_abs_error": 2.416215515136719,
      "p95_abs_error": 3.068251037597655,
      "p99_abs_error": 4.61686004638672,
      "max_abs": 16.6837158203125,
      "bias_mean_error": -0.014235144502373152,
      "std_error": 1.5090872920967475,
      "r2": 0.997566351018698
    },
    "pressure_pa": {
      "mae": 498.14493867607524,
      "rmse": 809.4810922669287,
      "median_abs_error": 257.53271484375,
      "p90_abs_error": 1302.9304687499991,
      "p95_abs_error": 1797.1966796874995,
      "p99_abs_error": 2944.454453125005,
      "max_abs": 6988.109375,
      "bias_mean_error": -12.488039298765122,
      "std_error": 809.384758697699,
      "r2": 0.9993939994874314
    },
    "wind_u": {
      "mae": 1.8515814265487014,
      "rmse": 2.5019811522674367,
      "median_abs_error": 1.429253339767456,
      "p90_abs_error": 3.902448487281798,
      "p95_abs_error": 5.006898331642149,
      "p99_abs_error": 7.900338153839118,
      "max_abs": 22.682255268096924,
      "bias_mean_error": -0.03271915523980253,
      "std_error": 2.501767204034357,
      "r2": 0.9749241139266585
    },
    "wind_v": {
      "mae": 1.7279242577475586,
      "rmse": 2.395745448337427,
      "median_abs_error": 1.2962608337402344,
      "p90_abs_error": 3.704792027175426,
      "p95_abs_error": 4.767064687609669,
      "p99_abs_error": 7.746403262019173,
      "max_abs": 24.164106369018555,
      "bias_mean_error": -0.02851515648334778,
      "std_error": 2.3955757427141036,
      "r2": 0.9123675267916869
    }
  },
  "note": "No retraining was performed. Classification plots are derived views because the base model is a regression model."
}