{
  "month": 5,
  "mae": {
    "T": 3.197588780706968,
    "P": 978.9991168996277,
    "U": 12.409025024662947,
    "V": 7.058934353767918
  },
  "rmse": {
    "T": 4.3294506135144575,
    "P": 1680.9914970875504,
    "U": 15.778361420063458,
    "V": 9.686035914079483
  },
  "max_abs": {
    "T": 23.065534148792835,
    "P": 11195.156546204467,
    "U": 72.41639483837433,
    "V": 70.24962298886675
  },
  "n_samples": 32000,
  "basis_config": {
    "degree": 3,
    "lat_basis_space": 24,
    "lon_basis_space": 48,
    "alt_basis": 24,
    "day_basis": 40,
    "alt_basis_interaction": 12,
    "lat_basis_interaction": 12,
    "lon_basis_interaction": 24,
    "day_basis_interaction": 12,
    "local_hour_harmonics": 6,
    "utc_hour_harmonics": 3,
    "lat_range": [
      -90.0,
      90.0
    ],
    "lon_range": [
      -180.0,
      180.0
    ],
    "alt_range_m": [
      0.0,
      32000.0
    ],
    "day_of_year_range": [
      1.0,
      366.0
    ],
    "ridge_space": 0.02,
    "ridge_alt": 0.01,
    "ridge_day": 0.02,
    "ridge_interaction": 0.08,
    "ridge_time_harmonics": 0.002
  },
  "sampling_config": {
    "samples_per_file": 12000,
    "seed": 42,
    "altitude_clip_m": [
      0.0,
      32000.0
    ],
    "stratified_time_level": true
  },
  "eval_sampling_config": {
    "samples_per_file": 4000,
    "seed": 142,
    "altitude_clip_m": [
      0.0,
      32000.0
    ],
    "stratified_time_level": true
  },
  "split_config": {
    "train_end_day_inclusive": 23,
    "val_end_day_inclusive": 27
  }
}