{
  "n_valid_points": 300,
  "n_skipped_points": 0,
  "temperature_k": {
    "mae": 3.3122122109666976,
    "rmse": 4.529711208103927,
    "max_abs": 21.445387201328288
  },
  "pressure_pa": {
    "mae": 2374.3672008216304,
    "rmse": 3172.6640859220306,
    "max_abs": 9716.98158070496
  },
  "wind_u": {
    "mae": 4.167897289714566,
    "rmse": 5.798680028519926,
    "max_abs": 22.844357392794162
  },
  "wind_v": {
    "mae": 3.7793151893700756,
    "rmse": 5.231428366766623,
    "max_abs": 23.22740890216068
  }
}